H??ng d?n,FILE M?U TH? VI?N ?I?N T? (Phi?u nh?p kho chi ti?t),,,,,,,,,,,,,,,,,,,,,,
S? ??ng kư cá bi?t,"Phân lo?i sách
Nh?p mă ho?c tên (xem chi ti?t t?i sheet 2)","Phân lo?i sách chi ti?t
Nh?p mă ho?c tên (xem chi ti?t t?i sheet 3)","Tên sách 
(*)
(Mă sách h? th?ng t? ??ng c?p nh?t theo nghi?p v? th? vi?n)","Ki?u sách
Nh?p s?: 
(0 - Sách; 
1 - S? tay; 
2 - T? ?i?n)",B? sung tên sách,"Kho sách
(*)
Nh?p mă ho?c tên (xem chi ti?t t?i sheet 4)",Ngôn ng?,"Tác gi? 
Nhi?u tác gi? phân nhau b?ng d?u ';'
(Mă tác gi? h? th?ng t? ??ng c?p nh?t theo nghi?p v? th? vi?n)",L?n xu?t b?n,Nhà xu?t b?n (phân nhau b?ng d?u ';')  ,N?m xu?t b?n,"S? trang  
VD: 100Tr",Minh h?a s? trang,"Kh? sách  
VD: 24x17cm","Giá b́a
(??n v? ??ng)
VD: 2000","S? l??ng 
(*)",Tài li?u kèm theo,Ph? chú,Tên tùng th?,Tóm t?t n?i dung,N?i xu?t b?n  ,T? l?u tr?,Ng?n l?u tr?
,5,51,100 tṛ ch?i h?c toán l?p 1,,,083,,?? Ti?n ??t,,Giáo d?c,2004,105Tr,,17x21cm,7600,1,,,,,Hà N?i,,
,5,51,"112 Cḥ tr?i Toán l?p 1, l?p 2",,,083,,Hu?nh Châu,,??i h?c s? ph?m,2003,247Tr,,16x24cm,20000,1,,,,,Hà N?i,,
,5,51,112 Tṛ ch?i l?p 1&2,,,083,,Ph?m ?́nh Th?c,,??i h?c s? ph?m,2004,103Tr,,16x24cm,9000,1,,,,,Tp H? Chí Minh,,
,5,51,"112 tṛ ch?i toán l?p 1, l?p 2",,,083,,Ph?m ?́nh Th?c,,??i h?c s? ph?m,2004,103Tr,,16x24cm,9000,1,,,,,Tp H? Chí Minh,,
,5,51,500 bài t?p Toán c? b?n và nâng cao l?p 1,,,083,,Nguy?n ??c T?n,,T?ng H?p,2005,127Tr,,16X24cm,13000,2,,,,,Tp H? Chí Minh,,
,5,51,72 tṛ ch?i Toán l?p 1,,,083,,Ph?m ?́nh Th?c,,??i h?c s? ph?m,2020,79Tr,,17x24cm,30000,1,,,,,Tp H? Chí Minh,,
,3,373,An toàn giao thông l?p 1,,,083,,?y Ban An Toàn Giao Thông,,Hà N?i,2002,20Tr,,17x24cm,,1,,,,,Hà N?i,,
,4,41(V),Bài t?p th?c hành và nâng cao Ti?ng Vi?t l?p 1: t?p 2,,,083,,Tr?n Th? S?n,,??i h?c Qu?c gia,2010,88Tr,,16x24cm,10000,3,,,,,Hà N?i,,
,4,41(V),Bài t?p tr?c nghi?m Ti?ng Vi?t l?p 1,,,083,,Lê Ph??ng Liên,,??i h?c s? ph?m,2008,135Tr,,16x24cm,23000,1,,,,,Tp H? Chí Minh,,
,5,51,Bài t?p tr?c nghi?m Toán l?p 1: t?p 1,,,083,,?? Duy H?a,,Giáo d?c,2007,78Tr,,16x24cm,10000,2,,,,,Hà N?i,,
,4,41(V),B?i d??ng Ti?ng Vi?t l?p 1: t?p 2,,,083,,Nguy?n Th? Hành,,??i h?c s? ph?m,2008,183Tr,,16x24cm,32000,2,,,,,Hà N?i,,
,,373,?? ki?m tra h?c ḱ môn: Ti?ng Vi?t- Toán l?p 1,,,083,,Hu?nh Tu?n Ph??ng,,??i h?c s? ph?m,2004,175Tr,,16x24cm,24000,3,,,,,Hà N?i,,
,5,51,??i m?i d?y h?c môn Toán l?p 1,,,083,,Hoàng Mai Lê,,Giáo d?c,2011,96Tr,,17x24cm,20000,1,,,,,Hà N?i,,
,5,51,Em h?c gi?i Toán 1,,,083,,Ts. Hu?nh B?o Châu,,Giáo d?c,2002,115Tr,,15x21cm,7500,1,,,,,Tp H? Chí Minh,,
,5,51,Em h?c gi?i Toán ti?u h?c  l?p 1,,,083,,Hu?nh B?o Châu,,?à N?ng,2002,115Tr,,15x21cm,7500,3,,,,,?à N?ng,,
,4,41(V),Giáo tŕnh Ti?ng Vi?t l?p 1,,,083,,Lê A,,??i h?c s? ph?m,2004,144Tr,,16x24cm,18200,1,,,,,Hà N?i,,
,5,51,H?i- ?áp d?y h?c Toán l?p 1,,,083,,Nguy?n Áng,,Giáo d?c,2007,144Tr,,17x24cm,14000,1,,,,,Tp H? Chí Minh,,
,5,51,H??ng d?n gi?i Vyolympic Toán 1,,,083,,Ph?m V?n Công,,??i h?c Qu?c gia,2020,95Tr,,17x24cm,35000,1,,,,,Hà N?i,,
,4,41(V),Luy?n nói cho h?c sinh l?p 1: t?p 2,,,083,,V? Kh?c Tuân,,Giáo d?c,2007,96Tr,,17x24cm,9700,2,,,,,Hà N?i,,
,5,51,Nh?ng bài toán b?i d??ng và nâng cao l?p 1,,,083,,Nguy?n Tam S?n,,??i h?c Qu?c gia,2016,128Tr,,16x24cm,36000,1,,,,,Hà N?i,,
,4,41(V),Ôn luy?n Ti?ng Vi?t theo chu?n KTKN l?p 1,,,083,,??ng Th? Lanh,,Giáo d?c,2010,159Tr,,17x24cm,20000,3,,,,,Hà N?i,,
,5,51,Ôn luy?n Toán 1 theo chu?n KTKN,,,083,,?? Ti?n ??t,,Giáo d?c,2010,80Tr,,16x21cm,10500,3,,,,,Hà N?i,,
,5,51,Ôn t?p- ki?m tra nâng cao và phát tri?n n?ng l?c Toán l?p 1:t1,,,083,,Nguy?n ??c T?n,,??i h?c Qu?c gia,2001,104Tr,,19x27cm,49000,3,,,,,Hà N?i,,
,5,51,Ôn t?p- ki?m tra nâng cao và phát tri?n n?ng l?c Toán l?p 1:t2,,,083,,Nguy?n ??c T?n,,??i h?c Qu?c gia,2001,92Tr,,19x27cm,45000,3,,,,,Hà N?i,,
,4,41(V),Th?c hành và phát tri?n Ti?ng Vi?t 1: t?p 1,,,083,,Nguy?n Th? H?nh,,??i h?c Qu?c gia,2001,104Tr,,19x27cm,40000,1,,,,,Hà N?i,,
,5,51,Th?c hành và phát tri?n Toán 1,,,083,,Phan Doăn Tho?i,,??i h?c Qu?c gia,2001,83Tr,,19x27cm,35000,6,,,,,Hà N?i,,
,5,51,Th?c hành và phát tri?n Toán1: t?p 1,,,083,,Nguy?n Th? H?nh,,??i h?c Qu?c gia,2001,96Tr,,19x27cm,35000,5,,,,,Hà N?i,,
,5,51,Th?c hành và phát tri?n Toán1: t?p 2,,,083,,Nguy?n Th? H?nh,,??i h?c Qu?c gia,2001,171Tr,,19x27cm,42000,1,,,,,Hà N?i,,
,5,51,Toán nâng cao l?p 1,,,083,,Nguy?n Danh Ninh,,Giáo d?c,2007,79Tr,,16x24cm,8000,4,,,,,Tp H? Chí Minh,,
,5,51,Toán phát tri?n trí thông minh l?p 1,,,083,,Nguy?n ??c T?n,,T?ng H?p,2010,116Tr,,16x24cm,21000,3,,,,,Tp H? Chí Minh,,
,4,41(V),Tṛ ch?i th?c hành Ti?ng Vi?t l?p 1,,,083,,Lê Th? Tuy?t Mai,,Giáo d?c,2002,60Tr,,17x24cm,5000,1,,,,,Hà N?i,,
,10,V?13,Truy?n ??c l?p 1,,,083,,Tr?n M?nh H??ng,,Giáo d?c,2004,95Tr,,17x24cm,7800,3,,,,,Hà N?i,,
,10,V?13,Truy?n k? giáo d?c ??o ??c: t?p 1,,,083,,Tr?n Th? Phú B́nh,,Giáo d?c,2008,132Tr,,17x24cm,21000,1,,,,,Hà N?i,,
,5,51,Tuy?n ch?n ?? ôn luy?n và t? ki?m tra Toán l?p 1: t?p 2,,,083,,Tr?n Th? Kim C??ng,,??i h?c s? ph?m,2018,111Tr,,17x24cm,23000,1,,,,,Hà N?i,,
,5,51,Tuy?n t?p các bài Toán hay và khó l?p 1,,,083,,Tr?n Hu?nh Th?ng,,??i h?c Qu?c gia,2011,80Tr,,16x24cm,18000,1,,,,,Tp H? Chí Minh,,
,5,51,V? bài t?p Toán nâng cao l?p 1: t?p 1,,,083,,?ào Năi,,?à N?ng,2016,96Tr,,17x24cm,20000,2,,,,,?à N?ng,,
,8,8(V),126 bài t?p làm v?n ch?n l?c l?p 2,,,083,,Lê Ph??ng Liên,,??i h?c Qu?c gia,2010,110Tr,,16x24cm,18000,3,,,,,Hà N?i,,
,5,51,36 ?? ôn luy?n Toán 2: t?p 1,,,083,,V? D??ng Th?y,,Giáo d?c,2013,127Tr,,17x24cm,21000,1,,,,,Hà N?i,,
,5,51,36 ?? ôn luy?n toán l?p 2,,,083,,V? D??ng Th?y,,Giáo d?c,2013,135Tr,,16x24cm,24000,1,,,,,Hà N?i,,
,5,51,500 bài toán tr?c nghi?m l?p 2,,,083,,Ph?m ?́nh Th?c,,??i h?c s? ph?m,2005,118Tr,,16x24cm,12000,10,,,,,Hà N?i,,
,5,51,Bài t?p hay và khó l?p 2 : t?p 1,,,083,,Ph?m V?n Công,,??i h?c Qu?c gia,2001,96Tr,,17x24cm,32000,5,,,,,Hà N?i,,
,5,51,Bài t?p hay và khó l?p 2 : t?p 2,,,083,,Ph?m V?n Công,,??i h?c Qu?c gia,2001,96Tr,,17x24cm,32000,5,,,,,Hà N?i,,
,5,51,Bài t?p phát tri?n n?ng l?c h?c Toán 2: t?p 1,,,083,,Ph?m V?n Công,,??i h?c Qu?c gia,2001,120Tr,,19x27cm,54000,3,,,,,Hà N?i,,
,5,51,Bài t?p phát tri?n n?ng l?c h?c Toán 2: t?p 2,,,083,,Ph?m V?n Công,,??i h?c Qu?c gia,2001,122Tr,,19x27cm,56000,3,,,,,Hà N?i,,
,4,41(V),Bài t?p th?c hành và nâng cao Ti?ng Vi?t l?p 2: t?p 1,,,083,,Tr?n Th? S?n,,??i h?c Qu?c gia,2010,80Tr,,16x24cm,10000,5,,,,,Hà N?i,,
,5,51,Bài t?p th?c hành và nâng cao Toán : t?p 1,,,083,,Nguy?n ??c T?n,,??i h?c Qu?c gia,2010,120Tr,,16x24cm,18000,4,,,,,Hà N?i,,
,5,51,Bài t?p th?c hành và nâng cao Toán l?p 2: t?p1,,,083,,Nguy?n ??c T?n,,??i h?c Qu?c gia,2016,120Tr,,16x24cm,18000,1,,,,,Hà N?i,,
,5,51,Bài t?p th?c hành và nâng cao Toán l?p 2: t?p2,,,083,,Nguy?n ??c T?n,,??i h?c Qu?c gia,2016,120Tr,,16x24cm,18000,1,,,,,Hà N?i,,
,5,51,Bài t?p Toán nâng cao l?p 2: t?p 1,,,083,,Nguy?n Xuân Qu?,,Giáo d?c,1999,113Tr,,15x21cm,6500,2,,,,,Hà N?i,,
,4,41(V),Bài t?p tr?c nghi?m Ti?ng Vi?t l?p 2,,,083,,Lê Ph??ng Nga,,??i h?c Qu?c gia,2001,127Tr,,16x24cm,45000,4,,,,,Hà N?i,,
,5,51,B? ?è ki?m tra môn Toán l?p 2,,,083,,Lê Th? L??ng,,??i h?c Qu?c gia,2001,78Tr,,19x27cm,29000,5,,,,,Hà N?i,,
,5,51,Các d?ng bài t?p tr?c nghi?m Toán 2,,,083,,Ph?m ?́nh Th?c,,??i h?c Qu?c gia,2001,105Tr,,19x27cm,38000,5,,,,,Hà N?i,,
,3,371.011,Cùng em h?c và th?c hành ??o ??c l?p 2,,,083,,Ts V? ?́nh B?y,,??i h?c Qu?c gia,2001,62Tr,,19x27cm,38000,5,,,,,Hà N?i,,
,4,41(V),?? h?c t?t Ti?ng Vi?t l?p 2: t?p 1,,,083,,Nguy?n Quang Ninh,,Giáo d?c,1991,99Tr,,15x21cm,5500,2,,,,,Hà N?i,,
,,,?? ki?m tra h?c ḱ c?p Ti?u h?c l?p 2: môn Toán - Ti?ng Vi?t,,,083,,B? Giáo D?c Và ?ào T?o,,Giáo d?c,2008,72Tr,,17x24cm,11500,1,,,,,Hà N?i,,
,5,51,Em h?c gi?i Toán ti?u h?c: quy?n 2,,,083,,Hu?nh B?o Châu,,?à N?ng,2003,119Tr,,15x21cm,8500,2,,,,,?à N?ng,,
,5,51,Giúp em h?c gi?i Toán l?p 2,,,083,,Nguy?n ??c T?n,,??i h?c Qu?c gia,2010,114Tr,,16x24cm,17000,1,,,,,Tp H? Chí Minh,,
,8,8(V),Góp ph?n phát tri?n n?ng l?c c?m th? V?n l?p 2: t1,,,083,,Tr??ng ??c Thành,,Giáo d?c,1997,96Tr,,15x21cm,6000,1,,,,,Hà N?i,,
,5,51,H?c b?ng nhân ? l?p 2 l?p 3,,,083,,??ng Th? B́nh,,Giáo d?c,2010,52Tr,,17x24cm,8000,4,,,,,Hà N?i,,
,4,41(V),H?i ?áp v? d?y h?c Ti?ng Vi?t l?p 2,,,083,,Nguy?n Minh Tuy?t,,Giáo d?c,2004,176Tr,,15x21cm,9500,4,,,,,Hà N?i,,
,5,51,H?i ?áp v? d?y h?c Toán 2,,,083,,?? ?́nh Hoan,,Giáo d?c,2004,100Tr,,17x24cm,8000,1,,,,,Hà N?i,,
,5,51,H??ng d?n em h?c Toán l?p 2,,,083,,Hoàng Tu?n,,Giáo d?c,2003,117Tr,,16x24cm,12000,1,,,,,Hà N?i,,
,4,41(V),"Ki?m tra, ?ánh giá n?ng l?c h?c sinh l?p 2 môn Ti?ng Vi?t",,,083,,Ph?m V?n Công,,??i h?c Qu?c gia,2001,124Tr,,19x27cm,56000,3,,,,,Hà N?i,,
,4,41(V),"Ki?m tra, ?ánh giá n?ng l?c h?c sinh l?p 2: môn Ti?ng Vi?t 2- HK1",,,083,,Ts Ph?m V?n Công,,??i h?c Qu?c gia,2001,121Tr,,19x27cm,56000,3,,,,,Hà N?i,,
,5,51,"Luy?n t?p, ki?m tra ??nh ḱ Toán 2: t?p 2",,,083,,Hoàng Mai Lê ,,Giáo d?c,2017,72Tr,,17x24cm,20000,1,,,,,Hà N?i,,
,8,8(V),Luy?n t? và câu l?p 2,,,083,,??ng M?nh Th??ng,,Giáo d?c,2003,95Tr,,16x24cm,9000,3,,,,,Tp H? Chí Minh,,
,5,51,M? giúp con h?c Toán l?p 2,,,083,,Ph?m ?́nh Th?c,,T?ng h?p,2007,111Tr,,16x24cm,17000,1,,,,,Tp H? Chí Minh,,
,8,8(V),Nh?ng bài làm v?n m?u l?p 2,,,083,,Tr?n Th? Th́n,,Giáo d?c,1995,75Tr,,15x21cm,4500,1,,,,,Hà N?i,,
,4,41(V),Ôn luy?n Ti?ng Vi?t theo chu?n KTKN l?p 2,,,083,,??ng Th? Lanh,,Giáo d?c,2010,168Tr,,17x24cm,20500,1,,,,,Hà N?i,,
,5,51,Phát tri?n trí thông minh toán 2,,,083,,Nguy?n ??c T?n,,??i h?c s? ph?m,2001,172Tr,,17x24cm,39000,5,,,,,Hà N?i,,
,8,8(V),Ph??ng pháp luy?n t? và câu l?p 2,,,083,,Tr?n ??c Ni?m,,?à N?ng,2003,106Tr,,15x21cm,8000,5,,,,,?à N?ng,,
,5,51,Rèn k? n?ng gi?i bài t?p Toán l?p 2: t?p 2,,,083,,T? Th?p,,T?ng h?p,2004,103Tr,,16x24cm,11000,1,,,,,??ng Nai,,
,5,51,Rèn k? n?ng s?ng cho h?c sinh ti?u h?c l?p 2,,,083,,Bùi Ng?c S?n,,??i h?c s? ph?m,2011,80Tr,,17x24cm,12000,1,,,,,Hà N?i,,
,5,51,Rèn luy?n k? n?ng gi?i bài t?p Toán 2: t?p 1,,,083,,T? Th?p,,T?ng h?p,2004,111Tr,,16x24cm,11500,1,,,,,??ng Nai,,
,5,51,Rèn luy?n k? n?ng gi?i bài t?p Toán 2: t?p 2,,,083,,T? Th?p,,T?ng h?p,2004,111Tr,,16x24cm,11500,1,,,,,??ng Nai,,
,8,8(V),T?p làm v?n l?p 2,,,083,,??ng M?nh Th??ng,,Giáo d?c,2008,95Tr,,16x24cm,12000,2,,,,,Tp H? Chí Minh,,
,8,8(V),Th?c hành T?p làm V?n l?p 2,,,083,,Tr?n M?nh H??ng,,Giáo d?c,2003,140Tr,,15x21cm,8000,1,,,,,Tp H? Chí Minh,,
,4,41(V),Th?c hành Ti?ng Vi?t l?p 2: t?p 1,,,083,,V? Kh?c Tuân,,Giáo d?c,2005,136Tr,,17x24cm,13300,2,,,,,Hà N?i,,
,4,41(V),Th?c hành và phát tri?n Ti?ng Vi?t 2: t?p 1,,,083,,Nguy?n Th? H?nh,,??i h?c Qu?c gia,2001,136Tr,,19x27cm,45000,4,,,,,Hà N?i,,
,4,41(V),Th?c hành và phát tri?n Ti?ng Vi?t 2: t?p 2,,,083,,Nguy?n Th? H?nh,,??i h?c Qu?c gia,2001,136Tr,,19x27cm,45000,3,,,,,Hà N?i,,
,5,51,Th?c hành và phát tri?n Toán 2: t?p 1,,,083,,Phan Doăn Tho?i,,??i h?c Qu?c gia,2001,95Tr,,19x27cm,36000,3,,,,,Hà N?i,,
,4,41(V),Ti?ng Vi?t nâng cao l?p 2,,,083,,Tr?n ??c Ni?m,,?à N?ng,2003,155Tr,,15x21cm,12000,2,,,,,?à N?ng,,
,4,41(V),Ti?ng Vi?t th?c hành l?p 2,,,083,,Nguy?n Trí,,??i h?c s? ph?m,2003,84Tr,,17x24cm,6000,1,,,,,Hà N?i,,
,5,51,Toán b?i d??ng h?c sinh gi?i l?p 2,,,083,,"Pgs, Ts Tr?n Diên Hi?n",,??i h?c Qu?c gia,2001,96Tr,,19x27cm,69000,1,,,,,Hà N?i,,
,5,51,Toán b?i d??ng HS n?ng khi?u Ti?u h?c l?p 2,,,083,,Nguy?n Ti?n,,?à N?ng,2006,98Tr,,16x24cm,11000,1,,,,,?à N?ng,,
,5,51,Toán h?c vui l?p 2,,,083,,Nguy?n Thiên V?n,,Tr?,2001,182Tr,,13x19cm,14000,2,,,,,Tp H? Chí Minh,,
,5,51,Toán nâng cao l?p 2,,,083,,Nguy?n Danh Ninh,,Giáo d?c,2003,103Tr,,16x24cm,9500,8,,,,,Tp H? Chí Minh,,
,5,51,Toán phát tri?n trí thông minh l?p 2,,,083,,Nguy?n ??c T?n,,T?ng h?p,2010,118Tr,,16x24cm,21000,1,,,,,Tp H? Chí Minh,,
,5,51,Tr?c nghi?m Toán 2: t?p 3,,,083,,,,Hà N?i,2006,40Tr,,19x27cm,7000,1,,,,,Hà N?i,,
,4,41(V),Tṛ ch?i h?c t?p Ti?ng Vi?t l?p 2,,,083,,Tr?n M?nh H??ng,,Giáo d?c,2004,112Tr,,16x24cm,8200,2,,,,,Hà N?i,,
,10,V?13,Truy?n ??c l?p 2,,,083,,Tr?n M?nh H??ng,,Giáo d?c,2008,108Tr,,17x24cm,14400,1,,,,,?à N?ng,,
,10,V?13,Truy?n ??c quy?n 2: t?p 1,,,083,,Tr?n M?nh H??ng,,Giáo d?c,2008,108Tr,,17x24cm,14400,1,,,,,?à N?ng,,
,5,51,Tuy?n ch?n 400 bài Toán 2,,,083,,Tô Hoài Phong,,?à N?ng,2003,145Tr,,15x21cm,11000,2,,,,,?à N?ng,,
,5,51,Tuy?n t?p các bài Toán hay và khó: quy?n 2,,,083,,Tô Hu?nh Th?ng,,?à N?ng,2003,133Tr,,15x21cm,10000,2,,,,,?à N?ng,,
,4,41(V),Tuy?n t?p ?? ki?m tra Ti?ng Vi?t l?p 2,,,083,,Lê Ph??ng Liên,,??i h?c Qu?c gia,2001,100Tr,,16x24cm,39000,4,,,,,Hà N?i,,
,5,51,V? bài t?p Toán nâng cao l?p 2,,,083,,?ào Nai,,??i h?c Qu?c gia,2003,130Tr,,16x24cm,,2,,,,,Hà N?i,,
,5,51,V? bài t?p Toán nâng cao l?p 2: t?p 1,,,083,,?ào Năi,,Giáo d?c,1998,129Tr,,16x24cm,7000,2,,,,,Hà N?i,,
,4,41(V),V? luy?n t?p TV l?p 2,,,083,,Nguy?n Quang Ninh,,Giáo d?c,2010,134Tr,,16x24cm,12000,1,,,,,Hà N?i,,
,8,8(V),207 ?? và bài v?n hay l?p 3,,,083,,Tr?n ??c Ni?m,,??i h?c s? ph?m,2004,127Tr,,16x24cm,22000,1,,,,,Tp H? Chí Minh,,
,5,51,500 bài t?p Toán c? b?n và nâng cao l?p 3,,,083,,Nguy?n ??c T?n,,T?ng h?p,2004,184Tr,,15x21cm,14000,2,,,,,??ng Nai,,
,5,51,500 bài toán ch?n l?c ti?u h?c l?p 3,,,083,,Nguy?n Ng?c Huân,,??i h?c s? ph?m,2000,167Tr,,16x24cm,20000,1,,,,,Tp H? Chí Minh,,
,5,51,500 bài toán tr?c nghi?m Ti?u h?c 3,,,083,,Ph?m ?́nh Th?c,,??i h?c s? ph?m,2008,87Tr,,16x24cm,15000,1,,,,,Tp H? Chí Minh,,
,3,373,An toàn giao thông l?p 3,,,083,,?y Ban An Toàn Giao Thông Qu?c Gia,,Giáo d?c,2003,23Tr,,17x24cm,,3,,,,,Hà N?i,,
,,373,Bài so?n t? nhiên và xă h?i l?p 3,,,083,,Tr?nh Qu?c Thái,,Giáo d?c,1999,151Tr,,15x21cm,7000,1,,,,,Hà N?i,,
,5,51,Bài t?p c? b?n và nâng cao Toán l?p 3,,,083,,Ph?m ?́nh Th?c,,??i h?c s? ph?m,2004,135Tr,,16x24cm,11000,2,,,,,Tp H? Chí Minh,,
,4,4(V),Bài t?p th?c hành và nâng cao Ti?ng Vi?t l?p 3: t?p 2,,,083,,Tr?n Th? S?n,,??i h?c Qu?c gia,2010,87Tr,,16x24cm,10000,2,,,,,Hà N?i,,
,5,51,Bài t?p th?c hành và nâng cao Toán 3: t?p 1,,,083,,Nguy?n ??c T?n,,??i h?c Qu?c gia,2010,127Tr,,16x24cm,19000,5,,,,,Hà N?i,,
,,373,Bài t?p t? ?ánh giá môn L?ch S?& ??a Lư l?p 3,,,083,,Nguy?n Tr?i,,Giáo d?c,2008,136Tr,,17x24cm,16000,1,,,,,Hà N?i,,
,5,51,B?i d??ng Toán 3,,,083,,Lê H?i Châu,,??i h?c s? ph?m,2004,183Tr,,16x24cm,15000,3,,,,,Tp H? Chí Minh,,
,5,51,B?i d??ng Toán ti?u h?c l?p 3,,,083,,Lê H?i Châu,,??i h?c Qu?c gia,1999,166Tr,,15x21cm,9600,1,,,,,Hà N?i,,
,4,41(V),B?i d??ng v?n- Ti?ng Vi?t ti?u h?c l?p 3: t?p 1,,,083,,Nguy?n Th? Kim Dung,,T?ng h?p,2005,167Tr,,16x24cm,17000,1,,,,,Tp H? Chí Minh,,
,5,51,Các d?ng toán c? b?n ti?u h?c l?p 3,,,083,,V? D??ng Th?y,,Giáo d?c,2013,87Tr,,16x24cm,9000,1,,,,,Tp H? Chí Minh,,
,4,41(V),?ánh giá k?t qu? h?c t?p Ti?ng Vi?t 3: t?p 2,,,083,,Nguy?n Tr?i,,??i h?c Qu?c gia,2010,87Tr,,16x24cm,13400,2,,,,,Hà N?i,,
,5,51,D?y con h?c Toán ? nhà l?p 3,,,083,,Nguy?n Ti?n Thành,,Giáo d?c,2004,151Tr,,17x24cm,14400,2,,,,,Hà N?i,,
,5,51,?? ki?m tra h?c ḱ c?p Ti?u h?c l?p 3: môn Toán,,,083,,B? Giáo D?c Và ?ào T?o,,Giáo d?c,2008,72Tr,,17x24cm,14500,1,,,,,Hà N?i,,
,5,51,??i m?i d?y h?c môn Toán l?p 3,,,083,,Nguy?n ?́nh Khuê,,Giáo d?c,2011,140Tr,,17x24cm,26000,2,,,,,Hà N?i,,
,5,51,Em h?c gi?i Toán ti?u h?c: quy?n 3,,,083,,Hu?nh B?o Châu,,?à N?ng,2004,120Tr,,16x24cm,12000,2,,,,,?à N?ng,,
,4,41(V),Giáo tŕnh Ti?ng Vi?t 3,,,083,,Lê A,,??i h?c s? ph?m,2004,287Tr,,cm,000,1,,,,,Hà N?i,,
,8,8(V),Góp ph?n pt n?ng l?c c?m th? V?n h?c l?p 3,,,083,,Tr??ng ??c Thành,,Giáo d?c,1997,107Tr,,14x21cm,6000,1,,,,,Hà N?i,,
,4,4(A),H?c và th?c hành Ti?ng Anh ti?u h?c l?p 3,,,083,,Nguy?n H?u D?,,??i h?c Qu?c gia,2006,126Tr,,16x24cm,19000,1,,,,,Hà N?i,,
,7,78,"H?i ?áp vè d?y h?c môn Âm nh?c l?p 1,2,3",,,083,,,,Giáo d?c,2007,55Tr,,17x24cm,7000,1,,,,,Tp H? Chí Minh,,
,7,75,"H?i ?áp v? d?y h?c môn th? Công l?p 1,2,3",,,083,,Tr?n Th? Thu,,Giáo d?c,2006,96Tr,,17x24cm,9800,2,,,,,Hà N?i,,
,5,51,H?i- ?áp v? d?y h?c môn Toán l?p 3,,,083,,?? ?́nh Hoan,,Giáo d?c,2004,96Tr,,17x24cm,9500,1,,,,,Hà N?i,,
,4,41(V),H?i ?áp v? d?y h?c Ti?ng Vi?t l?p 3,,,083,,Nguy?n Minh Tuy?t,,Giáo d?c,2004,228Tr,,15x21cm,15500,1,,,,,Hà N?i,,
,5,51,Luy?n gi?i Toán 3,,,083,,?? ?́nh Hoan,,Giáo d?c,2004,131Tr,,17x24cm,13000,1,,,,,Hà N?i,,
,5,51,Luy?n t?p ki?m tra ??nh ḱ Toán 3: t?p 2,,,083,,Hoàng Mai Lê,,Giáo d?c,2017,80Tr,,17x24cm,20000,2,,,,,Hà N?i,,
,4,41(V),Luy?n t?p ki?m tra ??nh k? Ti?ng Vi?t 3,,,083,,Tr?n M?nh H??ng,,Giáo d?c,2017,132Tr,,17x24cm,28000,1,,,,,Hà N?i,,
,4,41(V),Luy?n t?p và ki?m tra ??nh ḱ Ti?ng Vi?t 3,,,083,,Tr?n M?nh H??ng,,Giáo d?c,2017,131Tr,,17x24cm,28000,1,,,,,Hà N?i,,
,8,8(V),Luy?n t? và câu l?p 3,,,083,,Nguy?n M?nh Th??ng,,Giáo d?c,2004,95Tr,,16x24cm,9000,1,,,,,Tp H? Chí Minh,,
,4,4(A),Luy?n vi?t ch? ??p và phát âm ti?ng anh 3,,,083,,Nguy?n ??t,,Giáo d?c,2010,56Tr,,19x21cm,18000,1,,,,,Hà N?i,,
,4,41(V),Ôn luy?n Ti?ng Vi?t theo chu?n KTKN l?p 3,,,083,,Tr?n Th? Hi?n L??ng,,Giáo d?c,2010,172Tr,,17x24cm,21000,2,,,,,Hà N?i,,
,5,51,Ôn luy?n Toán 3 theo chu?n KTKN,,,083,,?? Ti?n ??t,,Giáo d?c,2010,127Tr,,17x24cm,16000,1,,,,,Hà N?i,,
,5,51,Ôn t?p & ki?m tra Toán 3,,,083,,Nguy?n ?́nh Th?c,,T?ng h?p,2004,128Tr,,16x24cm,21000,5,,,,,Tp H? Chí Minh,,
,5,51,Ôn t?p và ki?m tra Toán 3,,,083,,Ph?m ?́nh Th?c,,T?ng h?p,2004,128Tr,,16x24cm,15000,1,,,,,Tp H? Chí Minh,,
,8,8(V),Ph??ng pháp luy?n t? và câu l?p 3,,,083,,Tr?n ??c Ni?m,,?à N?ng,2004,94Tr,,16x24cm,9000,2,,,,,?à N?ng,,
,8,8(V),Ph??ng pháp T?p làm bài v?n l?p 3,,,083,,Nguy?n H?u Măo,,Hà N?i,2000,79Tr,,15x21cm,15500,2,,,,,Hà N?i,,
,5,51,Rèn k? n?ng gi?i bài t?p Toán 3: t?p 1,,,083,,T? Th?p,,??ng Nai,2005,107Tr,,16x24cm,10500,1,,,,,??ng Nai,,
,5,51,Rèn k? n?ng gi?i bài t?p Toán 3: t?p 2,,,083,,T? Th?p,,??ng Nai,2005,107Tr,,16x24cm,10500,1,,,,,??ng Nai,,
,3,371.011,Rèn k? n?ng s?ng cho HS ti?u h?c l?p 3,,,083,,Bùi Ng?c S?n,,??i h?c s? ph?m,2011,100Tr,,17x24cm,14000,9,,,,,Hà N?i,,
,3,373,"Tài li?u b?i d??ng giáo viên d?y các môn h?c l?p 3: t?p 1: môn Toán, TV< AN",,,083,,B? GD&?T- V? GDTH,,Giáo d?c,2004,123Tr,,17x24cm,11000,2,,,,,Hà N?i,,
,3,373,"Tài li?u b?i d??ng giáo viên d?y các môn h?c l?p 3: t?p 2: môn Toán, TV< AN",,,083,,B? GD&?T- V? GDTH,,Giáo d?c,2004,123Tr,,17x24cm,11000,2,,,,,Hà N?i,,
,8,8(V),T?p làm v?n l?p 3,,,083,,??ng M?nh Th??ng,,Giáo d?c,2004,95Tr,,16x24cm,9000,2,,,,,Tp H? Chí Minh,,
,8,8(V),Th?c hành T?p làm V?n l?p 3,,,083,,Tr?n M?nh H??ng,,Giáo d?c,,,,,,2,,,,,Hà N?i,,
,4,41(V),Th?c hành Ti?ng Vi?t l?p 3: t?p 1,,,083,,V? Kh?c Tuân,,Giáo d?c,2004,135Tr,,17x24cm,13400,3,,,,,Tp H? Chí Minh,,
,4,41(V),Ti?ng Vi?t nâng cao l?p 3,,,083,,Tr?n ??c Ni?m,,?à N?ng,2004,135Tr,,16x24cm,14000,1,,,,,?à N?ng,,
,5,51,Toán b?i d??ng h?c sinh L?p 3,,,083,,Nguy?n Áng,,Giáo d?c,2011,143Tr,,17x24cm,15000,1,,,,,Hà N?i,,
,5,51,Toán h?c vui: l?p 3,,,083,,Nguy?n Thi?n V?n,,Tr?,2001,210Tr,,13x19cm,15000,3,,,,,Hà N?i,,
,5,51,Toán nâng cao c? b?n l?p 3,,,083,,V? D??ng Th?y,,Giáo d?c,2004,107Tr,,16x24cm,9800,1,,,,,Hà N?i,,
,5,51,Toán nâng cao l?p 3,,,083,,V? D??ng Th?y,,Giáo d?c,2004,107Tr,,16x24cm,14000,5,,,,,Hà N?i,,
,5,51,Toán phát tri?n trí thông minh l?p 3,,,083,,Nguy?n ??c T?n,,T?ng h?p,2010,119Tr,,16x24cm,21000,3,,,,,Tp H? Chí Minh,,
,4,41(V),Tr?c nghi?m Ti?ng Vi?t 3: t?p 1,,,083,,,,Hà N?i,2007,50Tr,,19x24cm,7000,1,,,,,Hà N?i,,
,5,51,Tr?c nghi?m Toán 3: t?p 1,,,083,,,,Hà N?i,2007,40Tr,,19x27cm,7000,1,,,,,Hà N?i,,
,4,41(V),Tṛ ch?i h?c t?p Ti?ng Vi?t l?p 3,,,083,,Tr?n M?nh H??ng,,Giáo d?c,2004,136Tr,,17x24cm,12000,1,,,,,?à N?ng,,
,4,41(V),Tṛ ch?i Th?c hành Ti?ng Vi?t l?p 3: t?p 1,,,083,,V? Kh?c Tuân,,Giáo d?c,2005,156Tr,,17x24cm,15200,1,,,,,Hà N?i,,
,10,V?13,Truy?n ??c l?p 3,,,083,,Tr?n M?nh H??ng,,Giáo d?c,2008,124Tr,,17x24cm,14900,2,,,,,Hà N?i,,
,5,51,Tuy?n ch?n 400 bài t?pn Toán 3,,,083,,Tô Hoài Phong,,?à N?ng,2004,130Tr,,16x24cm,14000,5,,,,,?à N?ng,,
,5,51,Tuy?n t?p các bài Toán hay và khó l?p 3,,,083,,Tr?n Hu?nh Th?ng,,?à N?ng,2004,111Tr,,16x24cm,12000,2,,,,,?à N?ng,,
,5,51,36 b? ?? ôn luy?n Toán 4: t?p 1,,,083,,V? D??ng Th?y,,Giáo d?c,2011,143Tr,,17x24cm,21000,1,,,,,Hà N?i,,
,5,51,36 b? ?? ôn luy?n Toán 4: t?p 2,,,083,,V? D??ng Th?y,,Giáo d?c,2012,119Tr,,17x24cm,19500,2,,,,,Hà N?i,,
,5,51,500 bài toán tr?c nghi?m Ti?u h?c 4,,,083,,Ph?m ?́nh Th?c,,??i h?c s? ph?m,2005,110Tr,,16X24cm,11000,2,,,,,Hà N?i,,
,5,51,500 bài toán tr?c nghi?m ti?u h?c l?p 4,,,083,,Nguy?n ?́nh Th?c,,??i h?c s? ph?m,2005,110Tr,,16x24cm,11000,1,,,,,Tp H? Chí Minh,,
,,373,"600 câu h?i tr?c nghi?m L?ch S?, ??a Lư l?p 4",,,083,,?oàn Công T??ng,,??i h?c Qu?c gia,2008,112Tr,,16x24cm,21000,2,,,,,Tp H? Chí Minh,,
,3,373,An toàn giao thông l?p 4,,,083,,?y Ban An Toàn Giao Thông,,Giáo d?c,2004,24Tr,,17x24cm,000,1,,,,,Hà N?i,,
,5,51,Bài luy?n t?p và ?? ki?m tra ??nh ḱ Toán 4,,,083,,V? Qu?c Chung,,Giáo d?c,2018,76Tr,,17x24cm,25000,1,,,,,Hà N?i,,
,30,371.011,Bài t?p th?c hành KNS l?p 4,,,083,,L?u Thu Th?y,,??i h?c s? ph?m,2005,40Tr,,17x24cm,13000,1,,,,,Hà N?i,,
,8,(V),Bài t?p th?c hành và nâng cao T?p làm v?n 4:t?p 1,,,083,,Tr?n Th? S?n,,??i h?c Qu?c gia,2010,112Tr,,16x24cm,12000,1,,,,,Hà N?i,,
,8,(V),Bài t?p th?c hành và nâng cao T?p làm v?n 4:t?p 2,,,083,,Tr?n Th? S?n,,??i h?c Qu?c gia,2010,112Tr,,16x24cm,12000,1,,,,,Hà N?i,,
,4,41(V),Bài t?p th?c hành và nâng cao Ti?ng Vi?t 4: t?p 2,,,083,,Tr?n Th? S?n,,??i h?c Qu?c gia,2010,112Tr,,16x24cm,12000,1,,,,,Hà N?i,,
,5,51,Bài t?p th?c hành và nâng cao Toán 4: t?p 1,,,083,,Nguy?n V?n S?n,,??i h?c Qu?c gia,2010,108Tr,,17x24cm,12000,1,,,,,Tp H? Chí Minh,,
,5,51,Bài t?p th?c hành và nâng cao Toán 4: t?p 2,,,083,,Nguy?n ??c T?n,,??i h?c Qu?c gia,2010,143Tr,,16x24cm,22000,1,,,,,Hà N?i,,
,4,41(V),Bài t?p tr?c nghi?m ti?ng Vi?t 4,,,083,,Nguy?n Th? H?nh,,Giáo d?c,2007,217Tr,,17x24cm,21000,1,,,,,Hà N?i,,
,,373,Bài t?p t? ?ánh giá môn L?ch s? và ??a lư 4: tbl3,,,083,,Nguy?n Tr?i,,Giáo d?c,2008,136Tr,,17x24cm,16000,2,,,,,Hà N?i,,
,,373,?? ki?m tra h?c ḱ c?p ti?u h?c l?p 4…,,,083,,B? GD&?T,,Giáo d?c,2008,88Tr,,17x24cm,13500,2,,,,,Hà N?i,,
,,373,"?? ki?m tra h?c ḱ môn Ti?ng Vi?t, Toán, Khoa h?c, L?ch S?, ??a Lư 4",,,083,,Hu?nh T?n Ph??ng,,??i h?c s? ph?m,2009,144Tr,,16x24cm,24000,1,,,,,Hà N?i,,
,,373,?? ki?m tra h?c ḱ môn: TV<T<KH<LS<?L l?p 4:t?p 2,,,083,,Hu?nh Tu?n Ph??ng,,??i h?c s? ph?m,2009,136Tr,,16x24cm,20000,1,,,,,Tp H? Chí Minh,,
,,373,"?? ki?m tra h?cn ḱ c?p ti?u h?c l?p 4: t?p 2:môn TV,T,KH,LS&?L",,,083,,B? GD&?T,,Giáo d?c,2008,88Tr,,17x24cm,13500,1,,,,,Hà N?i,,
,5,51,??i m?i d?y hoc môn toán l?p 4,,,083,,Hoàng Mai Lê,,Giáo d?c,2011,136Tr,,17x24cm,30000,1,,,,,Hà N?i,,
,8,8(V),Góp ph?n pt n?ng l?c c?m th? V?n h?c l?p 4,,,083,,Tr??ng ??c Thành,,Giáo d?c,1997,108Tr,,16x24cm,6000,6,,,,,Tp H? Chí Minh,,
,4,4(A),H?c t?t Ti?ng Anh 4,,,083,,Ph?m Th? M? Trang,,T?ng h?p,2011,111Tr,,16x24cm,20000,1,,,,,Tp H? Chí Minh,,
,5,51,H?i ?áp v? d?y h?c môn Toán 4,,,083,,?? ?́nh Toán,,Giáo d?c,2008,83Tr,,17x24cm,11000,1,,,,,Hà N?i,,
,4,41(V),Ki?n th?c c? b?n và nâng cao Ti?ng Vi?t 4: t?p 2,,,083,,Ngôn Lê,,?à N?ng,2005,126Tr,,16x24cm,14000,2,,,,,?à N?ng,,
,5,51,Luy?n t?p ki?m tra ??nh ḱ Toán 4: t?p 1,,,083,,Hoàng Mai Lê,,Giáo d?c,2017,96Tr,,17x24cm,21000,1,,,,,Hà N?i,,
,5,51,Luy?n t?p ki?m tra ??nh ḱ Toán 4: t?p 2,,,083,,Hoàng Mai Lê,,Giáo d?c,2017,96Tr,,17x24cm,21000,1,,,,,Hà N?i,,
,4,41(V),Luy?n t?p và ?? ki?m tra ??nh ḱ Ti?ng Vi?t 4,,,083,,Nguy?n Th? H?nh,,Giáo d?c,2018,104Tr,,17x24cm,35000,2,,,,,Hà N?i,,
,8,8(V),Luy?n t? và câu l?p 4,,,083,,Ph?m M?nh Th??ng,,Giáo d?c,2005,43Tr,,16x24cm,14000,1,,,,,Tp H? Chí Minh,,
,5,51,Ôn luy?n theo chu?n KTKN Toán 4,,,083,,?? Ti?n ??t,,Giáo d?c,2010,143Tr,,17x24cm,18500,2,,,,,Hà N?i,,
,4,41(V),Ôn luy?n Ti?ng Vi?t theo chu?n KTKN 4,,,083,,Nguy?n Th? Ly Kha,,Giáo d?c,2010,168Tr,,17x24cm,20500,1,,,,,Hà N?i,,
,4,41(V),Ôn luy?n Ti?ng Vi?t theo chu?n KTKN l?p 4,,,083,,Nguy?n Th? Ly Kha,,Giáo d?c,2010,168Tr,,16x24cm,20500,1,,,,,Hà N?i,,
,5,51,Rèn k? n?ng gi?i bài t?p Toán 4: t?p 0,,,083,,T? Th?p,,??ng Nai,2005,96Tr,,17x24cm,10000,1,,,,,??ng Nai,,
,30,371.011,Rèn k? n?ng s?ng cho h?c sinh ti?u h?c l?p 4,,,083,,Bùi Ng?c S?n,,??i h?c s? ph?m,2011,108Tr,,17x24cm,15000,9,,,,,Hà N?i,,
,,373,"Tài li?u b?i d??ng giáo viên các môn h?c l?p 4: môn TV, ??, KH, LS&?L,t?p 2",,,083,,B? GD&?T,,Giáo d?c,2005,147Tr,,17x24cm,13000,1,,,,,Hà N?i,,
,,373,Tài li?u b?i d??ng giáo viên các môn h?c l?p 4:t?p 2,,,083,,B? GD&?T,,Giáo d?c,2005,139Tr,,17x25cm,12500,1,,,,,Hà N?i,,
,,373,"Tài li?u b?i d??ng giáo viên d?y các môn h?c l?p 4: t?p 2; Toán, M? thu?t, Âm nh?c…",,,083,,,,Giáo d?c,2012,139Tr,,17x24cm,12500,1,,,,,Hà N?i,,
,8,8(V),Th?c hành t?p làm v?n 4,,,083,,Tr?n M?nh H??ng,,Giáo d?c,2012,159Tr,,16x24cm,14400,1,,,,,Hà N?i,,
,,41(V),Ti?ng Vi?t nâng cao l?p 4: tái b?n l?n 1,,,083,,Lê Ph??ng Nga,,Giáo d?c,2007,248Tr,,15x21cm,16800,1,,,,,Hà N?i,,
,5,51,Toán b?i d??ng HS l?p 4,,,083,,Nguy?n Ánh,,Giáo d?c,2011,191Tr,,17x24cm,25000,1,,,,,Hà N?i,,
,5,51,"Toán h?c vui: l?p 4, l?p 5: t?p 2.",,,083,,Nguy?n Thi?n V?n,,Tr?,2001,143Tr,,13x19cm,12000,4,,,,,Tp H? Chí Minh,,
,5,51,Toán nâng cao l?p 4: t?p 2,,,083,,V? D??ng Th?y,,Giáo d?c,1999,143Tr,,15x21cm,6500,1,,,,,Hà N?i,,
,5,51,Tr?c nghi?m Toán 4: t?p 1,,,083,,,,Hà N?i,2007,40Tr,,19x27cm,7000,1,,,,,Hà N?i,,
,5,51,T? li?u d?y h?c Khoa H?c l?p 4,,,083,,Nguy?n Thanh Giang,,Giáo d?c,2009,180Tr,,17x24cm,23000,1,,,,,Hà N?i,,
,5,5,T? li?u d?y h?c khôa h?c l?p 4: tbl2,,,083,,Nguy?n Thanh Giang,,Giáo d?c,2007,152Tr,,17x24cm,14800,1,,,,,Hà N?i,,
,9,9,T? li?u d?y h?c L?ch s? l?p 4: tbl1,,,083,,Nguy?n Th? Côi,,Giáo d?c,2007,123Tr,,17x24cm,14000,1,,,,,Hà N?i,,
,5,51,T? luy?n Violympic Toán 4: t?p 2,,,083,,Ph?m Ng?c ?́nh,,Giáo d?c,2011,79Tr,,17x24cm,14000,1,,,,,Hà N?i,,
,5,51,Tuy?n ch?n các bài Toán ?ó nâng cao l?p 4,,,083,,Hu?nh Qu?c Hùng,,?à N?ng,2005,122Tr,,16x24cm,13000,1,,,,,?à N?ng,,
,5,51,Tuy?n ch?n các bài toán thông minh l?p 4,,,083,,Tô Hoài Phong,,?à N?ng,2005,128Tr,,16x24cm,14000,1,,,,,?à N?ng,,
,8,8(V),Tuy?n t?p 150 bài v?n hay l?p 4,,,083,,Thái Quang Vinh,,?à N?ng,2005,124Tr,,16x24cm,,1,,,,,Hà N?i,,
,4,41(V),V? luy?n Ti?ng Anh l?p 4,,,083,,Hu?nh Th? Ái Nguyên,,??i h?c s? ph?m,2007,103Tr,,16x24cm,19000,1,,,,,Hà N?i,,
,5,51,10 chuyên ?? b?i d??ng HSG Toán l?p 4 - 5: t?p 1,,,083,,Tr?n Diên Hi?n,,Giáo d?c,2007,136Tr,,17x24cm,15000,1,,,,,Hà N?i,,
,5,51,"100 bài toán chu vi và di?n tích l?p 4, l?p 5",,,083,,Nguy?n Áng,,Giáo d?c,2008,80Tr,,17x24cm,10500,2,,,,,Hà N?i,,
,8,8(V),207 ?? và bài v?n l?p 5,,,083,,Lê Th? Nguyên,,??i h?c s? ph?m,2003,255Tr,,15x21cm,18000,1,,,,,Tp H? Chí Minh,,
,5,51,36 ?è ôn luy?n Toán 5: t?p 1,,,083,,V? D??ng Th?y,,Giáo d?c,2011,131Tr,,17x24cm,19500,1,,,,,Tp H? Chí Minh,,
,5,51,54 bài toán vui l?p 5: tái b?n l?n 5,,,083,,Nguy?n ??c T?n,,Giáo d?c,2008,68Tr,,16x24cm,11000,5,,,,,Hà N?i,,
,,373,"700 câu h?i tr?c nghi?m L?ch S?, ??a Lư l?p 5",,,083,,?oàn Công T??ng,,??i h?c Qu?c gia,2011,104Tr,,16x24cm,23000,2,,,,,Tp H? Chí Minh,,
,4,41(V),Bài t?p luy?n t? và câu Ti?ng Vi?t l?p 5,,,083,,Tr?n M?nh H??ng,,Giáo d?c,2007,168Tr,,17x24cm,15500,2,,,,,Hà N?i,,
,5,41(V),Bài t?p nâng cao Ti?ng Vi?t l?p 5,,,083,,Lê Th? Nguyên,,??i h?c Qu?c gia,2000,143Tr,,16x24cm,16000,1,,,,,Tp H? Chí Minh,,
,4,41(V),Bài t?p nâng cao Ti?ng Vi?t l?p 5: t?p 1,,,083,,Tr?n M?nh H??ng,,Giáo d?c,1997,126Tr,,15x21cm,6500,2,,,,,Hà N?i,,
,5,51,Bài t?p nâng cao toán 5,,,083,,Hu?nh B?o Châu,,??i h?c Qu?c gia,2006,144Tr,,16x24cm,17000,1,,,,,Tp H? Chí Minh,,
,3,371.011,Bài t?p th?c hành KNS l?p 5,,,083,,L?u Thu Th?y,,??i h?c s? ph?m,2012,40Tr,,17X24cm,13000,1,,,,,Hà N?i,,
,5,51,Bài t?p th?c hành và câu h?i tr?c nghi?m Toán l?p 5,,,083,,Nguy?n ??c T?n,,Giáo d?c,2007,128Tr,,17x24cm,12500,2,,,,,Hà N?i,,
,4,41(V),Bài t?p th?c hành và nâng cao Ti?ng Vi?t l?p 5: t?p 1,,,083,,Tr?n Th? S?n,,??i h?c Qu?c gia,2016,112Tr,,16x24cm,12000,3,,,,,Hà N?i,,
,4,41(V),Bài t?p th?c hành và nâng cao Ti?ng Vi?t l?p 5: t?p 2,,,083,,Tr?n Th? S?n,,??i h?c Qu?c gia,2016,112Tr,,16x24cm,12000,4,,,,,Hà N?i,,
,5,51,Bài t?p th?c hành và nâng cao Toán l?p 5: t?p 2,,,083,,Nguy?n ??c T?n,,??i h?c Qu?c gia,2010,143Tr,,16x24cm,22000,3,,,,,Hà N?i,,
,5,51,Bài t?p Toán nâng cao l?p 5: t?p 1,,,083,,Tr??ng Công Thành,,Giáo d?c,1998,159Tr,,15x21cm,8000,1,,,,,Hà N?i,,
,5,51,Bài t?p Toán nâng cao l?p 5: t?p 2,,,083,,Tr??ng Công Thành,,Giáo d?c,1996,96Tr,,15x21cm,8500,1,,,,,Hà N?i,,
,91,91,Bài t?p tr?c nghi?m ??a Lí l?p 5,,,083,,Nguy?n Tuy?t Nga,,Giáo d?c,2008,48Tr,,17x24cm,8000,2,,,,,Hà N?i,,
,4,41(V),Bài t?p tr?c nghi?m Ti?ng Vi?t l?p 5,,,083,,Nguy?n Th? H?nh,,Giáo d?c,2007,219Tr,,17x21cm,21000,3,,,,,Hà N?i,,
,5,51,Bài t?p tr?c nghi?m Toán 5,,,083,,?? S? Hóa,,??i h?c s? ph?m,2007,143Tr,,16x24cm,23000,2,,,,,Tp H? Chí Minh,,
,5,51,Bài t?p tr?c nghi?m Toán 5: t?p 1,,,083,,Nguy?n Duy H?a,,Giáo d?c,2008,107Tr,,17x24cm,15000,5,,,,,Hà N?i,,
,5,51,Bài t?p tr?c nghi?m Toán 5: t?p 2,,,083,,Nguy?n Duy H?a,,Giáo d?c,2008,107Tr,,17x24cm,15000,2,,,,,Hà N?i,,
,5,51,Bài t?p tr?c nghi?m và các ?? ki?m tra Toán 5,,,083,,?? Ti?n ??t,,Giáo d?c,2007,124Tr,,17x24cm,14000,1,,,,,Hà N?i,,
,5,5,Bài t?p t? ?ánh giá môn Khoa h?c l?p 5,,,083,,Nguy?n Thanh Th?y,,Giáo d?c,2006,128Tr,,17x24cm,13000,1,,,,,Hà N?i,,
,,373,Bài t?p t? ?ánh giá môn L?ch S?& ??a Lư l?p 5,,,083,,Nguy?n Tr?i,,Giáo d?c,2008,132Tr,,17x24cm,15600,2,,,,,Hà N?i,,
,9,9,Bài t?p và câu h?i tr?c nghi?m L?ch s? l?p 5,,,083,,?oàn Công T??ng,,??i h?c Qu?c gia,2011,104Tr,,16x24cm,23000,2,,,,,Tp H? Chí Minh,,
,5,51,B?i d??ng Toán 5 theo ch? ?? các bài toán chuy?n ??ng,,,083,,Nguy?n V?n Nho,,Giáo d?c,2010,167Tr,,17x24cm,21500,1,,,,,Hà N?i,,
,5,51,"B?i d??ng Toán l?p 5 theo ch? ?? : các bài toán v? h́nh vuông, h́nh CN, h́nh TG",,,083,,Nguy?n V?n Nho,,Giáo d?c,2008,107Tr,,17x24cm,21500,1,,,,,Hà N?i,,
,5,51,B?i d??ng Toán l?p 5 theo ch? ?? : s? t? nhiên,,,083,,Nguy?n V?n Nho,,Giáo d?c,2008,107Tr,,17x24cm,21500,1,,,,,Hà N?i,,
,5,51,B?i d??ng Toán l?p 5 theo ch? ?? các bài toán chuy?n ??ng,,,083,,Nguy?n V?n Nho,,Giáo d?c,2008,107Tr,,17x24cm,21500,1,,,,,Hà N?i,,
,5,51,B?i d??ng Toán l?p 5 theo ch? ?? các bài toán suy lu?n và nh?ng bài Toán vui,,,083,,Nguy?n V?n Nho,,Giáo d?c,2008,143Tr,,17x24cm,19000,2,,,,,Hà N?i,,
,5,51,B?i d??ng Toán l?p 5 theo ch? ?? s? t? nhiên,,,083,,Nguy?n V?n Nho,,Giáo d?c,2009,103Tr,,17x24cm,14000,1,,,,,Hà N?iP,,
,5,51,B?i d??ng Toán l?p 5 theo ch? ??: s? d?ng s? ?? ?o?n th?ng trong gi?i toán,,,083,,Nguy?n V?n Nho,,Giáo d?c,2008,107Tr,,17x24cm,21500,1,,,,,Hà N?i,,
,5,51,"Các bài t?p v? phân s? ? l?p 4, l?p 5",,,083,,?? Trung Hi?u,,Giáo d?c,2006,132Tr,,17x24cm,15000,1,,,,,Tp H? Chí Minh,,
,5,51,"Các bài toán ?i?n h́nh ? l?p 4, l?p 5",,,083,,?? Trung Hi?u,,Giáo d?c,2007,140Tr,,17x24cm,15500,2,,,,,Tp H? Chí Minh,,
,5,51,Các bài toán thông minh l?p 5,,,083,,Tô Hoài Phong,,??i h?c Qu?c gia,2006,144Tr,,16x24cm,17000,1,,,,,Tp H? Chí Minh,,
,5,51,"Các bài toán v? dăy s? cách ??u ? l?p 4, l?p 5",,,083,,?? Trung Hi?u,,Giáo d?c,2004,159Tr,,15x21cm,7700,1,,,,,Tp H? Chí Minh,,
,5,51,Các d?ng bài t?p Toán 5: t?p 1,,,083,,?? Trung Hi?u,,??i h?c s? ph?m,2011,120Tr,,17X24cm,24500,1,,,,,Hà N?i,,
,91,91,Câu h?i luy?n t?p ??a Lư l?p 5,,,083,,Bùi Th? Bích Ng?c,,Giáo d?c,2006,71Tr,,17x24cm,8000,2,,,,,Tp H? Chí Minh,,
,9,9,Câu h?i luy?n t?p L?ch S? l?p 5,,,083,,Bùi Tuy?t H??ng,,Giáo d?c,2007,75Tr,,17x24cm,7600,1,,,,,Hà N?i,,
,5,51,Chuyên ?? b?i d??ng HSG Toán l?p 4 l?p 5: t?p 2,,,083,,Tr?n Diên Hi?n,,Giáo d?c,2001,106Tr,,15x21cm,7800,1,,,,,Hà N?i,,
,5,51,Chuyên ?? b?i d??ng Toán 5,,,083,,Hu?nh B?o Châu,,??i h?c Qu?c gia,2006,156Tr,,16x24cm,18000,1,,,,,Tp H? Chí Minh,,
,5,51,?? d?y t?t các môn h?c l?p 5,,,083,,Tr?n Hoàng Túy,,Giáo d?c,2008,200Tr,,15x21cm,20000,4,,,,,Hà N?i,,
,,373,?? ki?m tra h?c ḱ môn: Ti?ng Vi?t; Toán; L?ch s?; ??a Lư l?p 5: t?p 1,,,083,,Hu?nh T?n Ph??ng,,Giáo d?c,2009,143Tr,,16x24cm,22000,1,,,,,Tp H? Chí Minh,,
,,373,?? ki?m tra h?c ḱ môn: Ti?ng Vi?t; Toán; L?ch s?; ??a Lư l?p 5: t?p 2,,,083,,Hu?nh T?n Ph??ng,,Giáo d?c,2009,143Tr,,16x24cm,22000,1,,,,,Tp H? Chí Minh,,
,,373,"?? ki?m tra h?c ḱ Ti?u H?c l?p 5: môn Ti?ng Vi?t, Toán, Khoa H?c, L?ch S? & ??a Lư: t?p 1",,,083,,,,Giáo d?c,2008,87Tr,,17x24cm,13500,2,,,,,?à N?ng,,
,5,51,??i m?i d?y h?c môn Toán l?p 5,,,083,,Nguy?n ?́nh Khuê,,Giáo d?c,2011,136Tr,,17x24cm,30000,3,,,,,Hà N?i,,
,5,51,Gi?i Toán 5: t?p 1,,,083,,Nguy?n Phát ??t,,??i h?c Qu?c gia,1997,131Tr,,15x21cm,6000,2,,,,,Hà N?i,,
,5,51,Giúp em gi?i Toán ti?u h?c l?p 5:.,,,083,,Tr?n Ng?c Lan,,Hà N?i,2006,175Tr,,16x24cm,21000,2,,,,,Hà N?i,,
,8,8(V),Góp ph?n phát tri?n n?ng l?c c?m th? V?n l?p 5: t4,,,083,,Tr??ng ??c Thành,,Giáo d?c,1977,108Tr,,15X21cm,6000,2,,,,,Hà N?i,,
,5,51,H?c gi?i toán 5,,,083,,V? D??ng Th?y,,Giáo d?c,2008,164Tr,,17x24cm,21000,1,,,,,Hà N?i,,
,4,41(A),H?c và th?c hành Ti?ng Anh ti?u h?c l?p 5,,,083,,Nguy?n H?u D?,,??i h?c Qu?c gia,2006,126Tr,,16x24cm,19000,1,,,,,Tp H? Chí Minh,,
,7,78,"H?i ?áp vè d?y h?c môn Âm nh?c l?p 4, l?p 5",,,083,,Hoàn Long,,Giáo d?c,2007,83Tr,,17x24cm,9500,2,,,,,Hà N?i,,
,4,41(V),H?i ?áp v? d?y h?c Ti?ng Vi?t l?p 5,,,083,,Nguy?n Th? Tuy?t Minh,,Giáo d?c,2007,239Tr,,17x21cm,16300,2,,,,,Hà N?i,,
,5,51,H?i ?áp v? d?y h?c Toán 5,,,083,,?? ?́nh Hoan,,Giáo d?c,2007,120Tr,,17x24cm,11000,1,,,,,Hà N?i,,
,7,78,"H?i-?áp v? d?y h?c Âm nh?c l?p 4, l?p 5",,,083,,,,Giáo d?c,2007,83Tr,,17x24cm,13500,1,,,,,Hà N?i,,
,5,51,Luy?n gi?i Toán 5,,,083,,?? ?́nh Hoan,,Giáo d?c,2007,143Tr,,17x24cm,14300,3,,,,,Hà N?i,,
,5,51,Luy?n t?p ki?m tra ??nh ḱ Toán 5: t?p 1,,,083,,Hoàng Mai Lê,,Giáo d?c,2017,96Tr,,17x24cm,21000,3,,,,,Hà N?i,,
,4,41(V),Luy?n t?p ki?m tra ??nh k? Ti?ng Vi?t 5,,,083,,Tr?n M?nh H??ng,,Giáo d?c,2017,140Tr,,17x24cm,30000,1,,,,,Hà N?i,,
,8,8(V),Luy?n T?p làm v?n l?p 5,,,083,,Nguy?n Ph??ng Nga,,??i h?c s? ph?m,2005,151Tr,,16x24cm,25000,3,,,,,Tp H? Chí Minh,,
,5,51,M?t s? d?ng Toán c? b?n l?p 5,,,083,,Nguy?n ??c T?n,,Giáo d?c,2009,192Tr,,17x24cm,12000,2,,,,,Hà N?i,,
,8,8(V),Nh?ng bài làm v?n m?u l?p 5,,,083,,Tr?n Th? Th́n,,Giáo d?c,1998,104Tr,,15x21cm,6000,1,,,,,Hà N?i,,
,5,51,"Ôn ki?n th?c, luy?n k? n?ngToán 5",,,083,,Nguy?n Áng,,Giáo d?c,2007,216Tr,,17x24cm,20000,1,,,,,Hà N?i,,
,5,51,Ôn luy?n theo tr?ng ?i?m Toán l?p 5,,,083,,Ngô Long H?u,,Giáo d?c,1997,184Tr,,15x21cm,8000,1,,,,,Hà N?i,,
,4,41(V),Ôn luy?n Ti?ng Vi?t 5 theo tiêu chu?n KTKN,,,083,,Lê Ph??ng Nga,,Giáo d?c,2010,176Tr,,16x24cm,21500,3,,,,,Hà N?i,,
,5,51,Ôn luy?n Toán 5 theo tiêu chu?n KTKN,,,083,,?? Ti?n ??t,,Giáo d?c,2010,143Tr,,17x24cm,18000,1,,,,,Hà N?i,,
,3,371.011,Rèn k? n?ng s?ng cho HS ti?u h?c l?p 5,,,083,,Bùi Ng?c S?n,,??i h?c s? ph?m,2011,100Tr,,17X24cm,14000,8,,,,,Hà N?i,,
,4,41(V),Rèn k? n?ng t?p ??c cho h?c sinh l?p 5,,,083,,Nguy?n Tr?ng Hoàn,,Giáo d?c,2008,159Tr,,17x24cm,18000,2,,,,,Hà N?i,,
,8,8(V),Rèn k? n?ng T?p làm v?n cho HSG l?p 5,,,083,,Lê Anh Xuân,,Giáo d?c,2009,168Tr,,17x24cm,22000,2,,,,,Hà N?i,,
,8,8(V),Rèn luy?n k? n?ng c?m th? th? v?n choHS kh?i l?p 5,,,083,,,,??i h?c s? ph?m,2003,162Tr,,15X21cm,12500,1,,,,,Hà N?i,,
,373,373,Tài li?u b?i d??ng giáo viên d?y các môn h?c l?p 5: t?p 2,,,083,,B? GD&?T- V? Gd Ti?u H?c,,Giáo d?c,2000,136Tr,,17x24cm,15500,5,,,,,Hà N?i,,
,5,5,Th?c hành Khoa h?c l?p 5,,,083,,Lê Ng?c Di?p,,Giáo d?c,2009,87Tr,,17x24cm,15000,1,,,,,Hà N?i,,
,9,9,Th?c hành L?ch S? l?p 5,,,083,,Lê Ng?c Di?p,,Giáo d?c,2009,84Tr,,17x24cm,15000,3,,,,,Hà N?i,,
,4,41(V),"Th?c hành Ti?ng Vi?t ?úng, vi?t ??p l?p 5: t?p 2",,,083,,??ng Th? Lanh,,Giáo d?c,2010,36Tr,,17x24cm,7000,5,,,,,Hà N?i,,
,4,41(V),Ti?ng Vi?t nâng cao l?p 5,,,083,,Lê Ph??ng Nga,,Giáo d?c,2007,208Tr,,17x24cm,19900,2,,,,,Hà N?i,,
,5,513,T́m ṭi l?i gi?i H́nh H?c l?p 5,,,083,,Tr?n Th? Kim C??ng,,Giáo d?c,2007,123Tr,,17x24cm,12200,1,,,,,Hà N?i,,
,,,Tin h?c l?p 5,,,083,,Hu?nh Kim Sen,,Giáo d?c,2007,47Tr,,16x24cm,7000,3,,,,,Tp H? Chí Minh,,
,5,51,Toán h?c vui l?p 5,,,083,,Nguy?n Thiên V?n,,Tr?,2001,143Tr,,13x19cm,12000,1,,,,,Tp H? Chí Minh,,
,5,51,Toán nâng cao l?p 5: t?p 1,,,083,,V? D??ng Th?y,,Giáo d?c,2006,143Tr,,16x24cm,14500,1,,,,,Tp H? Chí Minh,,
,5,51,Toán phát tri?n trí thông minh l?p 5,,,083,,Nguy?n ??c T?n,,T?ng H?p,2008,236Tr,,17x24cm,21000,3,,,,,GD,,
,4,41(V),Tr?c nghi?m Ti?ng Vi?t l?p 5: t?p 1,,,083,,,,Hà N?i,2007,42Tr,,19x27cm,7000,1,,,,,Hà N?i,,
,5,51,Tr?c nghi?m toán l?p 5: t?p 1,,,083,,,,Hà N?i,2007,42Tr,,19x27cm,7000,1,,,,,Hà N?i,,
,9,9,Tṛ ch?i h?c t?p môn L?ch S? l?p 5,,,083,,Nguy?n Tuy?t Nga,,Giáo d?c,2007,208Tr,,17x24cm,22800,2,,,,,Hà N?i,,
,4,41(V),Tṛ ch?i th?c hành Ti?ng Vi?t l?p 5: t?p 1,,,083,,V? Kh?c Tuân,,??i h?c Qu?c gia,2007,139Tr,,16x24cm,13700,2,,,,,Tp H? Chí Minh,,
,5,51,T? luy?n câu h?i và bài t?p tr?c nghi?m toán l?p 5,,,083,,Nguy?n ??c Ḥa,,Giáo d?c,2010,131Tr,,16x24cm,13000,7,,,,,Hà N?i,,
,4,41(V),T? luy?n Olumpic Ti?ng Vi?t l?p 5: t?p 1,,,083,,Nguy?n Song Hùng,,Giáo d?c,2010,78Tr,,17x24cm,10000,3,,,,,Hà N?i,,
,4,41(V),T? luy?n Olumpic Ti?ng Vi?t l?p 5: t?p 2,,,083,,Nguy?n Song Hùng,,Giáo d?c,2010,78Tr,,17x24cm,10000,2,,,,,Hà N?i,,
,4,41(V),T? ôn t?p và ?ánh giá môn Ti?ng Vi?t cu?i c?p Ti?u h?c,,,083,,Nguy?n Th? H?nh,,Giáo d?c,2008,160Tr,,17x24cm,17800,1,,,,,?à N?ng,,
,4,41(V),T? ôn t?p và ?ánh giá môn Ti?ng Vi?t cu?i c?p ti?u h?c: t?p 1,,,083,,Pgs. Ts Nguy?n Th? H?nh,,Giáo d?c,2008,160Tr,,17x24cm,17800,1,,,,,Hà N?i,,
,5,51,Tuy?n ch?n các bài toán ?? l?p 5 nâng cao,,,083,,Hu?nh Qu?c Hùng,,??i h?c s? ph?m,2006,136Tr,,15x21cm,15000,1,,,,,Tp H? Chí Minh,,
,5,51,Tuy?n ch?n các bài Toán ?ó nâng cao l?p 5,,,083,,Hu?nh Qu?c Hùng,,??i h?c s? ph?m,2006,136Tr,,16x24cm,15000,2,,,,,Tp H? Chí Minh,,
,5,51,"Tuy?n ch?n các ?? thi HSG Toán l?p 4, l?p 5:.",,,083,,Tr?n Ng?c Lan,,??i h?c s? ph?m,2005,167Tr,,16x24cm,26000,2,,,,,Tp H? Chí Minh,,
,4,41(V),100 bài t?p luy?n cách dùng câu Ti?ng Vi?t,,,083,,Nguy?n Quang Ninh,,Giáo d?c,2003,124Tr,,15x21cm,6200,1,,,,,Hà N?i,,
,5,51,100 câu h?i và ?áp v? vi?c d?y Toán ? Ti?u h?c,,,083,,Ph?m ?́nh Th?c,,Giáo d?c,2002,247Tr,,15x21cm,12000,1,,,,,Tp H? Chí Minh,,
,5,51,140 bài toán vui,,,083,,Nguy?n M?nh Súy,,Giáo d?c,2008,128Tr,,15x21cm,15000,2,,,,,Tp H? Chí Minh,,
,,372.6,150 tṛ ch?i thi?u nhi- tbl3,,,083,,Bùi S? T?ng,,Giáo d?c,2008,167Tr,,14x21cm,13500,1,,,,,Hà N?i,,
,5,51,200 câu h?i ?áp v? d?y Toán ? Ti?u h?c,,,083,,Ph?m ?́nh Th?c,,Giáo d?c,2008,236Tr,,16x24cm,36000,3,,,,,Hà N?i,,
,5,51,30 ?? ôn luy?n Toán cu?i b?c ti?u h?c,,,083,,V? D??ng Th?y,,Giáo d?c,2002,114Tr,,15x21cm,5200,1,,,,,Hà N?i,,
,5,51,41 ?? thi HSG Toán ti?u h?c toàn qu?c và các …,,,083,,Ph?m ?́nh Th?c,,Tr?,2002,232Tr,,15x21cm,15000,1,,,,,Hà N?i,,
,5,51,50 bài toán trong m?,,,083,,Lê Th?ng Nh?t,,Giáo d?c,2002,127Tr,,15x21cm,9000,1,,,,,Hà N?i,,
,,372.6,501 câu ?? dành cho h?c sinh ti?u h?c,,,083,,Ph?m Thu Y?n,,Giáo d?c,2002,119Tr,,17x24cm,6000,1,,,,,Hà N?i,,
,5,51,63 bài toán vui ti?u h?c,,,083,,Nguy?n V?nh C?n,,Giáo d?c,2004,83Tr,,15x21cm,4800,1,,,,,Tp H? Chí Minh,,
,5,51,99 th? thách Toán h?c,,,083,,Khan Sarah,,Th? gi?i,2005,86Tr,,15x21cm,50000,1,,,,,Tp H? Chí Minh,,
,7,78,Âm nh?c và ph??ng pháp d?y h?c Âm nh?c,,,083,,Nguy?n ??c Qu?nh,,Giáo d?c,2000,148Tr,,15x21cm,7800,2,,,,,Hà N?i,,
,4,41(V),Bài t?p b? tr? Ti?ng Anh cho h?c sinh ti?u h?c,,,083,,?? Th? Thúy H?ng,,Giáo d?c,2008,119Tr,,17x24cm,18000,1,,,,,Hà N?i,,
,4,41(V),Bài t?p rèn k? n?ng s? d?ng d?u câu Ti?ng Vi?t cho h?c sinh ti?u h?c,,,083,,Tr?n Th? Hièn L??ng,,Giáo d?c,2008,127Tr,,17x24cm,17000,2,,,,,Hà N?i,,
,5,513,Bài t?p rèn luy?n ho?t ??ng H́nh H?c,,,083,,Huy An,,Giáo d?c,2003,88Tr,,17x24cm,8000,1,,,,,Hà N?i,,
,5,51,Bài t?p tr?c nghi?m Toán ti?u h?c theo ch? ??,,,083,,Nguy?n ??c T?n,,Giáo d?c,2006,163Tr,,17x24cm,18500,1,,,,,Tp H? Chí Minh,,
,4,41(V),"B?i d??ng V?n- Ti?ng Vi?t ti?u h?c: t?p 2, tbl1",,,083,,Nguy?n Th? Kim Dung,,T?ng h?p,2005,168Tr,,17x24cm,17000,1,,,,,Tp H? Chí Minh,,
,5,51,Các bài toán dân gian: t?p 1,,,083,,Nguy?n Vi?t H?i,,Giáo d?c,2003,215Tr,,15x21cm,14600,1,,,,,Hà N?i,,
,5,51,Các ph??ng pháp gi?i Toán ? ti?u h?c: t?p1,,,083,,V? D??ng Th?y,,??i h?c Qu?c gia,2008,98Tr,,16x24cm,12000,2,,,,,Hà N?i,,
,5,51,Các ph??ng pháp gi?i Toán ? ti?u h?c: t?p2,,,083,,V? D??ng Th?y,,??i h?c Qu?c gia,2008,98Tr,,16x24cm,14500,2,,,,,Hà N?i,,
,,372.6,Các tṛ ch?i l?p ghép h́nh ? ti?u h?c,,,083,,?ào Thái Lai,,Giáo d?c,2008,72Tr,,17x24cm,15000,11,,,,,Hà N?i,,
,8,8(V),"C?m t? V?n h?c dành cho h?c sinh l?p 2,3,4,5",,,083,,,,??i h?c s? ph?m,2021,151Tr,,15X21cm,35000,1,,,,,Hà N?i,,
,,371.01,?ánh giá trong giáo d?c,,,083,,Tr?n Th? Tuy?t Oanh,,??i h?c s? ph?m,2004,114Tr,,16x24cm,15000,2,,,,,Hà N?i,,
,4,41(V)(07),D?y - h?c môn Ti?ng Vi?t ? Ti?u h?c,,,07,,Nguy?n Trí,,Giáo d?c,2007,180Tr,,17x24cm,19900,1,,,,,Hà N?i,,
,4,4(V)(07),D?y - h?c môn Ti?ng Vi?t ? Ti?u h?c theo ch??ng tŕnh m?i,,,07,,Nguy?n Trí,,Giáo d?c,2002,160Tr,,15X21cm,7700,1,,,,,Hà N?i,,
,5,511,D?y h?c các t?p h?p s? ? b?c ti?u h?c,,,07,,Nguy?n Th? Hy,,Giáo d?c,2002,107Tr,,15x21cm,6200,1,,,,,Tp H? Chí Minh,,
,4,41(V)(07),D?y h?c chính t? ? ti?u h?c,,,07,,Hoàng V?n Thung,,Giáo d?c,2002,144Tr,,15X21cm,7000,1,,,,,Hà N?i,,
,5,514,D?y h?c phép ?o ??i l??ng ? b?c ti?u h?c,,,07,,Nguy?n Ph? Hy,,Giáo d?c,2002,92Tr,,15x21cm,4500,1,,,,,Hà N?i,,
,4,4(V)(07),D?y h?c t?p ??c ? ti?u h?c,,,07,,Lê Ph??ng Nga,,Giáo d?c,2021,327Tr,,15X21cm,15300,2,,,,,Hà N?i,,
,4,4(V)(07),D?y h?c T? ng? ? ti?u h?c,,,07,,Phan Thi?u,,Giáo d?c,2002,199Tr,,15X21cm,9500,1,,,,,Hà N?i,,
,,371.014,D?y môn s?c kh?e ? ti?u h?c: t?p 1,,,07,,B? Gd,,Giáo d?c,1998,157Tr,,15x21cm,6800,2,,,,,Hà N?i,,
,,51(07),D?y Toán b?c ti?u h?c b?ng phi?u giao vi?c,,,07,,Ph?m ?́nh Th?c,,Giáo d?c,2002,135Tr,,15x21cm,6200,1,,,,,Tp H? Chí Minh,,
,,373,D?y t?t- h?c t?t ti?u h?c b?ng b?n ?? t? duy,,,07,,Tr?n ?́nh Châu,,Giáo d?c,2011,84Tr,,17x24cm,35000,1,,,,,Hà N?i,,
,4,4(V)(07),D?y và h?c môn Ti?ng Vi?t ? ti?u h?c,,,07,,Nguy?n Trí,,Giáo d?c,2008,180Tr,,17x24cm,19900,2,,,,,Hà N?i,,
,4,4(V)(07),D?y và h?c T?p vi?t ? Ti?u h?c,,,07,,Tr?n M?nh H??ng,,Giáo d?c,2008,144Tr,,17x24cm,20000,1,,,,,Hà N?i,,
,,373,?? t? h?c ??t ???c hi?u qu?,,,083,,V? Qu?c Chung,,??i h?c s? ph?m,2003,156Tr,,17x24cm,20000,1,,,,,Hà N?i,,
,91,91,??a lư trong tr??ng h?c: t?p 1-tbl1,,,083,,Nguy?n H?u Danh,,Giáo d?c,2001,217Tr,,16x24cm,12000,2,,,,,Hà N?i,,
,,371.01,??i m?i ?ánh giá k?t qu? giáo d?c HS ti?u h?c,,,083,,Nguy?n ??c Minh(cb),,Giáo d?c,2015,155Tr,,17x24cm,58000,5,,,,,Hà N?i,,
,,371.01,??i m?i n?i dung và ph??ng pháp gi?ng d?y,,,083,,Nguy?n K? Hào,,Giáo d?c,1998,168Tr,,15x21cm,6600,4,,,,,Hà N?i,,
,5,51,Em h?c gi?i toán ti?u h?c: Q2,,,083,,Hu?nh B?o Châu,,?à N?ng,2003,119Tr,,15x21cm,8500,1,,,,,?à N?ng,,
,5,51,EQ- IQ 150 bài toán lư thú luy?n trí thông minh,,,083,,Thái Hà,,Dân Trí,2011,148Tr,,15x21cm,25000,1,,,,,Hà N?i,,
,4,41(V),Gi?i ?áp 88 câu h?i v? gi?ng d?y Ti?ng Vi?t,,,083,,Lê H?u T?nh,,Giáo d?c,2000,231Tr,,15X21cm,15800,1,,,,,Hà N?i,,
,5,51(07),Gi?ng d?y các y?u t? H́nh h?c ? ti?u h?c,,,07,,Ph?m ?́nh Th?c,,Giáo d?c,2002,157Tr,,15x21cm,10700,1,,,,,Hà N?i,,
,5,51(07),Gi?ng d?y H́nh h?c ? ti?u h?c,,,07,,Ph?m ?́nh Th?c,,Giáo d?c,2006,139Tr,,16x24cm,14000,1,,,,,Tp H? Chí Minh,,
,,371.011(07),Giáo tŕnh ph??ng pháp d?y h?c môn ??o ??c ? Ti?u h?c,,,07,,??ng V? Ho?t,,Giáo d?c,2004,131Tr,,17x24cm,,2,,,,,Hà N?i,,
,5,51(07),Giáo tŕnh ph??ng pháp d?y h?c môn Toán ? ti?u h?c,,,07,,?? Trung Hi?u,,??i h?c s? ph?m,2004,203Tr,,16x24cm,20800,2,,,,,Hà N?i,,
,,,Giáo tŕnh ph??ng pháp d?y h?c môn t? nhiên- xă h?i,,,07,,Nguy?n Th??ng Giao,,??i h?c s? ph?m,2004,187Tr,,16x24cm,24400,2,,,,,Hà N?i,,
,,371.015,Giáo tŕnh tâm lí h?c ti?u h?c,,,07,,Bùi V?n Hu?,,??i h?c s? ph?m,2004,223Tr,,16x24cm,29100,1,,,,,Hà N?i,,
,5,51,Giúp em gi?i Toán,,,083,,K? S?n,,??i h?c s? ph?m,2004,56Tr,,15x21cm,5000,2,,,,,Hà N?i,,
,5,51,Giúp em h?c gi?i Toán,,,083,,Ngô Thúc Lanh,,Giáo d?c,1999,111Tr,,15x21cm,7200,1,,,,,Hà N?i,,
,5,51,Giúp h?c sinh Ti?u h?c gi?i toán có l?i v?n,,,083,,Ph?m ?́nh Th?c,,Giáo d?c,2007,144Tr,,16x24cm,15000,1,,,,,Hà N?i,,
,5,51,H? th?ng tṛ ch?i c?ng c? 5 m?ch ki?n th?c Toán Ti?u h?c,,,083,,Tr?n Ng?c Lan,,??i h?c s? ph?m,2005,142Tr,,16x24cm,13000,2,,,,,Tp H? Chí Minh,,
,3,371.011,H?i - ?áp v? d?y h?c môn ??o ??c ? ti?u h?c,,,083,,Nguy?n Thu Th?y,,Giáo d?c,2001,59Tr,,15x21cm,3200,1,,,,,Hà N?i,,
,7,78,"H?i- ?áp v? d?y h?c môn Âm nh?c l?p 1,2,3,tbl2",,,083,,Hoàng Long(cb),,Giáo d?c,2007,55Tr,,17x24cm,7000,4,,,,,Tp H? Chí Minh,,
,,373,"H?i ?áp v? d?y h?c môn Th? công ? l?p 1,2,3",,,083,,Tr?n Th? Thu,,Giáo d?c,2006,96Tr,,17x24cm,9800,1,,,,,Hà N?i,,
,5,51,H??ng d?n em h?c Toán Ti?u h?c,,,083,,Hoàng Tu?n,,Giáo d?c,2006,132Tr,,16x24cm,10000,4,,,,,Hà N?i,,
,5,5,H??ng d?n th?c hi?n chu?n KTKN các môn h?c ? ti?u h?c,,,083,,,,Giáo d?c,2009,127Tr,,17x24cm,16000,1,,,,,Hà N?i,,
,10,V?13,K? chuy?n theo tranh,,,083,,Lê H?u T?nh,,M? Thu?t,2004,27Tr,,16x24cm,5000,1,,,,,Hà N?i,,
,,373,Lí thuy?t tr?c nghi?m khách quan v? thi?t k? bài t?p…,,,083,,Phó ??c Ḥa(cb),,Giáo d?c,2008,156Tr,,17x24cm,21000,2,,,,,Hà N?i,,
,8,V,Luy?n t?p v?n k? chuy?n ? Ti?u h?c,,,083,,Nguy?n Tr?,,Giáo d?c,2008,140Tr,,17x24cm,16000,2,,,,,Hà N?i,,
,8,8(V),Luy?n t?p v? c?m th? v?n h?c ? ti?u h?c,,,083,,Tr?n M?nh H??ng,,Giáo d?c,2002,143Tr,,15X22cm,9000,4,,,,,Hà N?i,,
,4,41(V),Luy?n t? và câu l?p,,,083,,??ng M?nh Th??ng,,Giáo d?c,2006,151Tr,,16x24cm,15000,2,,,,,Hà N?i,,
,8,8(V),Luy?n v?n miêu t? ? Ti?u h?c: t?p 1,,,083,,V? Kh?c Tuân,,Giáo d?c,2010,144Tr,,17X24cm,21500,2,,,,,Hà N?i,,
,8,8(V),Luy?n v?n miêu t? ? Ti?u h?c: t?p 2,,,083,,V? Kh?c Tuân,,Giáo d?c,2010,144Tr,,17X24cm,21500,1,,,,,Hà N?i,,
,8,8(V),Luy?n vi?t v?n miêu t? ? ti?u h?c: t?p 1,,,083,,V? Kh?c Tuân,,Giáo d?c,2010,144Tr,,17x24cm,21500,1,,,,,Tp H? Chí Minh,,
,8,8(V),Luy?n vi?t v?n miêu t? ? ti?u h?c: t?p 2,,,083,,V? Kh?c Tuân,,Giáo d?c,2010,144Tr,,17x24cm,21500,1,,,,,Tp H? Chí Minh,,
,,373,M?t s? v?n ?è c? b?n c?a ch??ng tŕnh Ti?u h?c m?i,,,083,,Pgs. Ts ?? ?́nh Hoan,,Giáo d?c,2003,103Tr,,17x24cm,,1,,,,,Hà N?i,,
,4,41(V),M?t s? v?n ?? d?y ngôn b?n nói và vi?t ? ti?u h?c theo…,,,083,,Nguy?n Quang Ninh,,Giáo d?c,1998,87Tr,,15x21cm,3600,7,,,,,Hà N?i,,
,5,51,M?t s? v?n ?? n?i dung và ph??ng pháp d?y h?c môn Toán TH,,,083,,Ki?u ??c Thanh,,Giáo d?c,2001,155Tr,,15x21cm,8300,1,,,,,Hà N?i,,
,5,51,M?t s? v?n ?? v? ??i m?i ?ánh giá k?t qu? h?c t?p môn Ti?ng Vi?t,,,083,,Nguy?n Th? H?nh,,Giáo d?c,2008,151Tr,,15X21cm,15000,3,,,,,Hà N?i,,
,7,75,M? Thu?t và ph??ng pháp d?y h?c M? Thu?t ? ti?u h?c,,,083,,Nguy?n L?ng B́nh,,Giáo d?c,2000,83Tr,,15x21cm,7200,2,,,,,Hà N?i,,
,7,75,M? thu?t và ph??ng pháp d?y và h?c M? thu?t ? ti?u h?c,,,083,,Nguy?n L?ng B́nh,,Giáo d?c,2000,83Tr,,15x21cm,4000,1,,,,,Hà N?i,,
,5,51,Nh?ng ?? toán hay c?a toán tu?i th?,,,083,,?? Trung Hi?u,,Giáo d?c,2005,122Tr,,15x21cm,12000,1,,,,,Hà N?i,,
,,371,Nh?ng t? ch?t c?n b?i d??ng cho h?c sinh ti?u h?c,,,083,,?? H?ng Thanh,,Dân Trí,2014,139Tr,,16x24cm,36000,1,,,,,Hà N?i,,
,4,41(V),Ôn luy?n ki?n th?c Ti?ng Vi?t ti?u h?c,,,083,,Lê A,,Giáo d?c,2010,127Tr,,17x24cm,16000,2,,,,,Hà N?i,,
,4,41(V),Ph??ng pháp d?y h?c Ti?ng Vi?t ? Ti?u h?c,,,07,,Lê Ph??ng Nga,,??i h?c Qu?c gia,1999,318Tr,,15X21cm,35000,2,,,,,Hà N?i,,
,5,51,Ph??ng pháp d?y Toán b?c ti?u h?c,,,07,,Ph?m ?́nh Th?c,,??i h?c s? ph?m,2003,151Tr,,15x21cm,12000,8,,,,,Hà N?i,,
,5,51,Ph??ng pháp sáng tác toán b?c ti?u h?c,,,07,,Ph?m ?́nh Th?c,,Giáo d?c,2002,114Tr,,15x22cm,6400,1,,,,,Tp H? Chí Minh,,
,,371.011,Rèn k? n?ng s?ng cho h?c sinh,,,083,,Nguy?n Khánh Hà,,??i h?c s? ph?m,2016,67Tr,,17x24cm,23000,1,,,,,Hà N?i,,
,5,51,Rèn luy?n và nâng cao k? n?ng gi?i Toán cho HSTH: t?p 1,,,083,,?? Nh? Thiên,,Giáo d?c,2009,183Tr,,17x24cm,25000,1,,,,,Hà N?i,,
,5,51,Rèn luy?n và nâng cao k? n?ng gi?i toán…:t?p 2,,,083,,?? Nh? Thiêm,,Giáo d?c,2008,198Tr,,17x24cm,23000,1,,,,,Hà N?i,,
,,371,Tài li?u b?i d??ng th??ng xuyên cho giáo viên ti?u h?c theo chu ḱ 2003-02007: t?p 1,,,083,,B? GD&?T,,Giáo d?c,2005,128Tr,,17x24cm,12600,4,,,,,Hà N?i,,
,,371,Tài li?u b?i d??ng th??ng xuyên cho giáo viên ti?u h?c theo chu ḱ 2003-02007: t?p 2,,,083,,B? GD&?T,,Giáo d?c,2005,128Tr,,17x24cm,12600,8,,,,,Hà N?i,,
,,371,Tài li?u h??ng d?n nhi?m v? n?m h?c 2007-2008 v? môn GDMN…,,,083,,B? GD&?T,,Giáo d?c,2007,148Tr,,17x24cm,17300,1,,,,,Hà N?i,,
,,371,Tài li?u h??ng d?n nhi?m v? n?m h?c 2008-2009 v? môn GDMN…,,,083,,B? GD&?T,,Giáo d?c,2008,144Tr,,17x24cm,25000,1,,,,,Hà N?i,,
,,371,Tài li?u h??ng d?n nhi?m v? n?m h?c 2010-2011 v? môn GDMN…,,,083,,B? GD&?T,,Giáo d?c,2010,144Tr,,17x24cm,25000,1,,,,,Hà N?i,,
,,371,Tài li?u h??ng d?n nhi?m v? n?m h?c 2012-2013 v? môn GDMN…,,,083,,B? GD&?T,,Giáo d?c,2012,122Tr,,17x24cm,30000,1,,,,,Hà N?i,,
,,371,Tài n?ng quan ni?m nh?n d?ng và ?ào t?o,,,083,,Nguy?n Huy Tú,,Giáo d?c,2006,175Tr,,17x24cm,17000,1,,,,,Hà N?i,,
,5,51,Th?c hành gi?i toán ti?u h?c: t?p 1,,,083,,Tr?n Diên Hi?n,,??i h?c s? ph?m,2004,199Tr,,15x21cm,16000,1,,,,,Hà N?i,,
,5,51,Th?c hành gi?i Toán ti?u h?c: t?p 1,,,083,,Tr?n Diên Hi?n,,??i h?c s? ph?m,2003,199Tr,,15x21cm,16000,2,,,,,Hà N?i,,
,5,51,Th?c hành gi?i Toán ti?u h?c: t?p 2,,,083,,Tr?n Diên Hi?n,,??i h?c s? ph?m,2003,199Tr,,15x21cm,16000,7,,,,,Hà N?i,,
,4,41(V),Ti?ng Vi?t công ngh? giáo d?c,,,083,,H? Ng?c ??i,,Giáo d?c,2015,90Tr,,16x24cm,10500,1,,,,,Hà N?i,,
,8,8(V),T́m v? ??p bài v?n ? ti?u h?c,,,083,,Nguy?n Trí,,Giáo d?c,2004,160Tr,,15X21cm,7800,1,,,,,Hà N?i,,
,,372.014,T? ch?c cho h?c sinh ti?u h?c vui ch?i…,,,083,,Tr?n ??ng Lâm,,Giáo d?c,2008,79Tr,,16x24cm,7000,1,,,,,Hà N?i,,
,,372.014,T? ch?c ho?t ??ng…,,,083,,Hà Nh?t Th?ng,,Giáo d?c,2001,76Tr,,16x24cm,7000,1,,,,,Hà N?i,,
,5,51,Toán ch?n l?c ti?u h?c,,,083,,Ph?m ?́nh Th?c,,Giáo d?c,2002,158Tr,,15x21cm,8000,1,,,,,Hà N?i,,
,5,51,Toán h?c gi?i trí,,,083,,Nguy?n Vi?t Bách,,Giáo d?c,2004,251Tr,,15x21cm,17000,1,,,,,Tp H? Chí Minh,,
,5,51,Toán h?c vui- vui h?c toán,,,083,,Nguy?n Thi?n V?n,,Tr?,2001,170Tr,,15x21cm,13000,2,,,,,Hà N?i,,
,,371.011,Tṛ ch?i h?c t?p môn ??o ??c ? ti?u h?c,,,083,,L?u Thu Th?y,,Giáo d?c,2007,67Tr,,17x24cm,7800,2,,,,,Hà N?i,,
,4,41(V),Tṛ ch?i h?c v?n Âm_ V?n Ti?ng Vi?t,,,083,,V? Kh?c Tuân,,Giáo d?c,2007,251Tr,,17x24cm,27400,2,,,,,Hà N?i,,
,4,41(V),Tṛ ch?i h?c v?n Âm_ V?n Ti?ng Vi?t : giúp giáo viên d?y theo sách: t?p 1,,,083,,V? Kh?c Tuân,,Giáo d?c,2005,251Tr,,17x24cm,24600,2,,,,,Tp H? Chí Minh,,
,8,8(V),Tṛ chuuy?n v?i các em yêu v?n,,,083,,Lê Bính,,Giáo d?c,2005,123Tr,,15X21cm,21500,1,,,,,Hà N?i,,
,4,4,T? ho?t ??ng ??n ngôn ng? tr? em,,,083,,Nguy?n Huy C?n,,??i h?c Qu?c gia,2001,162Tr,,15x21cm,12000,1,,,,,Hà N?i,,
,7,78,Tuy?n t?p Âm nh?c tu?i th?,,,083,,Hoàng Long,,Giáo d?c,2002,188Tr,,15x21cm,15000,1,,,,,Hà N?i,,
,5,51,Tuy?n t?p các bài toán hay và khó: Q2,,,083,,Tr?n Hu?nh Th?ng,,?à N?ng,2003,133Tr,,15x21cm,10000,1,,,,,?à N?ng,,
,4,41(V),Tuy?n t?p ?? thi h?c sinh gi?i b?c ti?u h?c môn Ti?ng Vi?t,,,083,,Tr?n M?nh H??ng,,Giáo d?c,2003,156Tr,,15X21cm,8400,9,,,,,Hà N?i,,
,5,51,Tuy?n t?p ?? thi HSG b?c ti?u h?c: môn Toán,,,083,,?? Trung Hi?u,,??i h?c s? ph?m,2003,176Tr,,15x21cm,9400,11,,,,,Tp H? Chí Minh,,
,8,8(V),Luy?n t?p v?n k? chuy?n ? ti?u h?c,,,083,,Nguy?n Trí,,Giáo d?c,2002,160Tr,,15X21cm,7800,1,,,,,Hà N?i,,
,8,8T,V?n h?c thi?u nhi,,,083,,Cao ??c Ti?n,,Giáo d?c,1998,94Tr,,15x21cm,4200,1,,,,,Hà N?i,,
,8,8(V),V?n miêu t? và k? chuy?n,,,083,,V? Tú Nam,,Giáo d?c,2002,208Tr,,15X21cm,10000,1,,,,,Hà N?i,,
,8,8(V),Yêu th? v?n em t?p vi?t,,,083,,?? Lê Ch?n,,Giáo d?c,2002,216Tr,,15X21cm,10300,1,,,,,Hà N?i,,
